{
  "format": "web-program-pre1",
  "manifest": [
    {
      "path": "packages/underscore.js",
      "where": "client",
      "type": "js",
      "cacheable": true,
      "url": "/packages/underscore.js?0a80a8623e1b40b5df5a05582f288ddd586eaa18",
      "sourceMap": "packages/underscore.js.map",
      "sourceMapUrl": "/packages/0a80a8623e1b40b5df5a05582f288ddd586eaa18.map",
      "size": 150686,
      "hash": "0a80a8623e1b40b5df5a05582f288ddd586eaa18"
    },
    {
      "path": "packages/meteor.js",
      "where": "client",
      "type": "js",
      "cacheable": true,
      "url": "/packages/meteor.js?3e307d13049437e33b63d146a56015c9c7bddf3c",
      "sourceMap": "packages/meteor.js.map",
      "sourceMapUrl": "/packages/3e307d13049437e33b63d146a56015c9c7bddf3c.map",
      "size": 111349,
      "hash": "3e307d13049437e33b63d146a56015c9c7bddf3c"
    },
    {
      "path": "packages/json.js",
      "where": "client",
      "type": "js",
      "cacheable": true,
      "url": "/packages/json.js?e22856eae714c681199eabc5c0710b904b125554",
      "sourceMap": "packages/json.js.map",
      "sourceMapUrl": "/packages/e22856eae714c681199eabc5c0710b904b125554.map",
      "size": 58343,
      "hash": "e22856eae714c681199eabc5c0710b904b125554"
    },
    {
      "path": "packages/base64.js",
      "where": "client",
      "type": "js",
      "cacheable": true,
      "url": "/packages/base64.js?1a63019243b73298e2964e6d4680f25bca657726",
      "sourceMap": "packages/base64.js.map",
      "sourceMapUrl": "/packages/1a63019243b73298e2964e6d4680f25bca657726.map",
      "size": 15685,
      "hash": "1a63019243b73298e2964e6d4680f25bca657726"
    },
    {
      "path": "packages/ejson.js",
      "where": "client",
      "type": "js",
      "cacheable": true,
      "url": "/packages/ejson.js?71047b64b5196348bdbe5fd5eea9ac97a5a9eb14",
      "sourceMap": "packages/ejson.js.map",
      "sourceMapUrl": "/packages/71047b64b5196348bdbe5fd5eea9ac97a5a9eb14.map",
      "size": 81471,
      "hash": "71047b64b5196348bdbe5fd5eea9ac97a5a9eb14"
    },
    {
      "path": "packages/logging.js",
      "where": "client",
      "type": "js",
      "cacheable": true,
      "url": "/packages/logging.js?efbe67566211d95b5cc8e39ab2faae771509b7ce",
      "sourceMap": "packages/logging.js.map",
      "sourceMapUrl": "/packages/efbe67566211d95b5cc8e39ab2faae771509b7ce.map",
      "size": 29864,
      "hash": "efbe67566211d95b5cc8e39ab2faae771509b7ce"
    },
    {
      "path": "packages/reload.js",
      "where": "client",
      "type": "js",
      "cacheable": true,
      "url": "/packages/reload.js?da8974b7231dd8c0caccb5f322dcf97329d486d1",
      "sourceMap": "packages/reload.js.map",
      "sourceMapUrl": "/packages/da8974b7231dd8c0caccb5f322dcf97329d486d1.map",
      "size": 25926,
      "hash": "da8974b7231dd8c0caccb5f322dcf97329d486d1"
    },
    {
      "path": "packages/tracker.js",
      "where": "client",
      "type": "js",
      "cacheable": true,
      "url": "/packages/tracker.js?21f0f4306879f57e10ad3a97efe9ea521c5b5775",
      "sourceMap": "packages/tracker.js.map",
      "sourceMapUrl": "/packages/21f0f4306879f57e10ad3a97efe9ea521c5b5775.map",
      "size": 69637,
      "hash": "21f0f4306879f57e10ad3a97efe9ea521c5b5775"
    },
    {
      "path": "packages/random.js",
      "where": "client",
      "type": "js",
      "cacheable": true,
      "url": "/packages/random.js?fe7b46080c91ce482acf6fc326afbc5b176f0502",
      "sourceMap": "packages/random.js.map",
      "sourceMapUrl": "/packages/fe7b46080c91ce482acf6fc326afbc5b176f0502.map",
      "size": 24099,
      "hash": "fe7b46080c91ce482acf6fc326afbc5b176f0502"
    },
    {
      "path": "packages/retry.js",
      "where": "client",
      "type": "js",
      "cacheable": true,
      "url": "/packages/retry.js?1f1dd2c35d300110fdaba51ce4473583bc3bf031",
      "sourceMap": "packages/retry.js.map",
      "sourceMapUrl": "/packages/1f1dd2c35d300110fdaba51ce4473583bc3bf031.map",
      "size": 7245,
      "hash": "1f1dd2c35d300110fdaba51ce4473583bc3bf031"
    },
    {
      "path": "packages/check.js",
      "where": "client",
      "type": "js",
      "cacheable": true,
      "url": "/packages/check.js?ac81167b8513b85b926c167bba423981b0c4cf9c",
      "sourceMap": "packages/check.js.map",
      "sourceMapUrl": "/packages/ac81167b8513b85b926c167bba423981b0c4cf9c.map",
      "size": 35647,
      "hash": "ac81167b8513b85b926c167bba423981b0c4cf9c"
    },
    {
      "path": "packages/id-map.js",
      "where": "client",
      "type": "js",
      "cacheable": true,
      "url": "/packages/id-map.js?9ea6eaae8d74693ce2505a858d9a5e60cf191298",
      "sourceMap": "packages/id-map.js.map",
      "sourceMapUrl": "/packages/9ea6eaae8d74693ce2505a858d9a5e60cf191298.map",
      "size": 8584,
      "hash": "9ea6eaae8d74693ce2505a858d9a5e60cf191298"
    },
    {
      "path": "packages/ordered-dict.js",
      "where": "client",
      "type": "js",
      "cacheable": true,
      "url": "/packages/ordered-dict.js?bf8af2f26c8d96bf8b2e6b407d3ed69f23c2cd37",
      "sourceMap": "packages/ordered-dict.js.map",
      "sourceMapUrl": "/packages/bf8af2f26c8d96bf8b2e6b407d3ed69f23c2cd37.map",
      "size": 20395,
      "hash": "bf8af2f26c8d96bf8b2e6b407d3ed69f23c2cd37"
    },
    {
      "path": "packages/geojson-utils.js",
      "where": "client",
      "type": "js",
      "cacheable": true,
      "url": "/packages/geojson-utils.js?81b79d5cf96d00b4b7a28987debcffb665c17526",
      "sourceMap": "packages/geojson-utils.js.map",
      "sourceMapUrl": "/packages/81b79d5cf96d00b4b7a28987debcffb665c17526.map",
      "size": 48339,
      "hash": "81b79d5cf96d00b4b7a28987debcffb665c17526"
    },
    {
      "path": "packages/minimongo.js",
      "where": "client",
      "type": "js",
      "cacheable": true,
      "url": "/packages/minimongo.js?fbdf3cbcb6792f76d0a630fe03a04d644bb0b10d",
      "sourceMap": "packages/minimongo.js.map",
      "sourceMapUrl": "/packages/fbdf3cbcb6792f76d0a630fe03a04d644bb0b10d.map",
      "size": 457726,
      "hash": "fbdf3cbcb6792f76d0a630fe03a04d644bb0b10d"
    },
    {
      "path": "packages/ddp.js",
      "where": "client",
      "type": "js",
      "cacheable": true,
      "url": "/packages/ddp.js?d1840d3ba04c65ffade261f362e26699b7509706",
      "sourceMap": "packages/ddp.js.map",
      "sourceMapUrl": "/packages/d1840d3ba04c65ffade261f362e26699b7509706.map",
      "size": 621843,
      "hash": "d1840d3ba04c65ffade261f362e26699b7509706"
    },
    {
      "path": "packages/insecure.js",
      "where": "client",
      "type": "js",
      "cacheable": true,
      "url": "/packages/insecure.js?3dc9d4a2dad55999b5b15a447d57f3d5fb66b290",
      "sourceMap": "packages/insecure.js.map",
      "sourceMapUrl": "/packages/3dc9d4a2dad55999b5b15a447d57f3d5fb66b290.map",
      "size": 1290,
      "hash": "3dc9d4a2dad55999b5b15a447d57f3d5fb66b290"
    },
    {
      "path": "packages/mongo.js",
      "where": "client",
      "type": "js",
      "cacheable": true,
      "url": "/packages/mongo.js?3cfe0c5981c197df33036a37574850f057e934a6",
      "sourceMap": "packages/mongo.js.map",
      "sourceMapUrl": "/packages/3cfe0c5981c197df33036a37574850f057e934a6.map",
      "size": 149426,
      "hash": "3cfe0c5981c197df33036a37574850f057e934a6"
    },
    {
      "path": "packages/url.js",
      "where": "client",
      "type": "js",
      "cacheable": true,
      "url": "/packages/url.js?2312d739008b2ffa52f13c77c5d6fc59c9e17d56",
      "sourceMap": "packages/url.js.map",
      "sourceMapUrl": "/packages/2312d739008b2ffa52f13c77c5d6fc59c9e17d56.map",
      "size": 6642,
      "hash": "2312d739008b2ffa52f13c77c5d6fc59c9e17d56"
    },
    {
      "path": "packages/http.js",
      "where": "client",
      "type": "js",
      "cacheable": true,
      "url": "/packages/http.js?c3c7d0da66f683af57294173733637845f39253a",
      "sourceMap": "packages/http.js.map",
      "sourceMapUrl": "/packages/c3c7d0da66f683af57294173733637845f39253a.map",
      "size": 37780,
      "hash": "c3c7d0da66f683af57294173733637845f39253a"
    },
    {
      "path": "packages/autoupdate.js",
      "where": "client",
      "type": "js",
      "cacheable": true,
      "url": "/packages/autoupdate.js?83a587ebd1efacabc89a2dd08e85b48a00b1c696",
      "sourceMap": "packages/autoupdate.js.map",
      "sourceMapUrl": "/packages/83a587ebd1efacabc89a2dd08e85b48a00b1c696.map",
      "size": 39380,
      "hash": "83a587ebd1efacabc89a2dd08e85b48a00b1c696"
    },
    {
      "path": "packages/meteor-platform.js",
      "where": "client",
      "type": "js",
      "cacheable": true,
      "url": "/packages/meteor-platform.js?499a2f8522e25820b1153c69a92751ccaae507b3",
      "sourceMap": "packages/meteor-platform.js.map",
      "sourceMapUrl": "/packages/499a2f8522e25820b1153c69a92751ccaae507b3.map",
      "size": 1384,
      "hash": "499a2f8522e25820b1153c69a92751ccaae507b3"
    },
    {
      "path": "packages/deps.js",
      "where": "client",
      "type": "js",
      "cacheable": true,
      "url": "/packages/deps.js?504589e1e9585dec8f9f6094e5a87b22de3783a1",
      "sourceMap": "packages/deps.js.map",
      "sourceMapUrl": "/packages/504589e1e9585dec8f9f6094e5a87b22de3783a1.map",
      "size": 1442,
      "hash": "504589e1e9585dec8f9f6094e5a87b22de3783a1"
    },
    {
      "path": "packages/jquery.js",
      "where": "client",
      "type": "js",
      "cacheable": true,
      "url": "/packages/jquery.js?dd8bac56f8fd3666d433d2285ae01e52597cc51a",
      "sourceMap": "packages/jquery.js.map",
      "sourceMapUrl": "/packages/dd8bac56f8fd3666d433d2285ae01e52597cc51a.map",
      "size": 1296513,
      "hash": "dd8bac56f8fd3666d433d2285ae01e52597cc51a"
    },
    {
      "path": "packages/htmljs.js",
      "where": "client",
      "type": "js",
      "cacheable": true,
      "url": "/packages/htmljs.js?567eb96d5d22631c03d6aca6afa4c42f0d1295f2",
      "sourceMap": "packages/htmljs.js.map",
      "sourceMapUrl": "/packages/567eb96d5d22631c03d6aca6afa4c42f0d1295f2.map",
      "size": 60161,
      "hash": "567eb96d5d22631c03d6aca6afa4c42f0d1295f2"
    },
    {
      "path": "packages/observe-sequence.js",
      "where": "client",
      "type": "js",
      "cacheable": true,
      "url": "/packages/observe-sequence.js?6b4f7613ee8a1bfc925dff4d3f5ac4c3b32327ae",
      "sourceMap": "packages/observe-sequence.js.map",
      "sourceMapUrl": "/packages/6b4f7613ee8a1bfc925dff4d3f5ac4c3b32327ae.map",
      "size": 30623,
      "hash": "6b4f7613ee8a1bfc925dff4d3f5ac4c3b32327ae"
    },
    {
      "path": "packages/reactive-var.js",
      "where": "client",
      "type": "js",
      "cacheable": true,
      "url": "/packages/reactive-var.js?20335b7b37165980ddd9f23943b2e5b00aae1cc2",
      "sourceMap": "packages/reactive-var.js.map",
      "sourceMapUrl": "/packages/20335b7b37165980ddd9f23943b2e5b00aae1cc2.map",
      "size": 13963,
      "hash": "20335b7b37165980ddd9f23943b2e5b00aae1cc2"
    },
    {
      "path": "packages/blaze.js",
      "where": "client",
      "type": "js",
      "cacheable": true,
      "url": "/packages/blaze.js?4e49999979a58da0e2265f7bd3f5910f9901b07b",
      "sourceMap": "packages/blaze.js.map",
      "sourceMapUrl": "/packages/4e49999979a58da0e2265f7bd3f5910f9901b07b.map",
      "size": 424723,
      "hash": "4e49999979a58da0e2265f7bd3f5910f9901b07b"
    },
    {
      "path": "packages/ui.js",
      "where": "client",
      "type": "js",
      "cacheable": true,
      "url": "/packages/ui.js?5a663333fd30f8fd913f110e0ef779e84f67c4b8",
      "sourceMap": "packages/ui.js.map",
      "sourceMapUrl": "/packages/5a663333fd30f8fd913f110e0ef779e84f67c4b8.map",
      "size": 1529,
      "hash": "5a663333fd30f8fd913f110e0ef779e84f67c4b8"
    },
    {
      "path": "packages/templating.js",
      "where": "client",
      "type": "js",
      "cacheable": true,
      "url": "/packages/templating.js?376767bb0d2463b3b2615a1b90e77f6b22d39d7b",
      "sourceMap": "packages/templating.js.map",
      "sourceMapUrl": "/packages/376767bb0d2463b3b2615a1b90e77f6b22d39d7b.map",
      "size": 11674,
      "hash": "376767bb0d2463b3b2615a1b90e77f6b22d39d7b"
    },
    {
      "path": "packages/iron_core.js",
      "where": "client",
      "type": "js",
      "cacheable": true,
      "url": "/packages/iron_core.js?d966a1f70c94792fd94c8a155bdbef9bec5e0047",
      "sourceMap": "packages/iron_core.js.map",
      "sourceMapUrl": "/packages/d966a1f70c94792fd94c8a155bdbef9bec5e0047.map",
      "size": 32915,
      "hash": "d966a1f70c94792fd94c8a155bdbef9bec5e0047"
    },
    {
      "path": "packages/iron_dynamic-template.js",
      "where": "client",
      "type": "js",
      "cacheable": true,
      "url": "/packages/iron_dynamic-template.js?d425554c9847e4a80567f8ca55719cd6ae3f2722",
      "sourceMap": "packages/iron_dynamic-template.js.map",
      "sourceMapUrl": "/packages/d425554c9847e4a80567f8ca55719cd6ae3f2722.map",
      "size": 86389,
      "hash": "d425554c9847e4a80567f8ca55719cd6ae3f2722"
    },
    {
      "path": "packages/iron_layout.js",
      "where": "client",
      "type": "js",
      "cacheable": true,
      "url": "/packages/iron_layout.js?4e65c46acdaf0ce6a8b1a479d7b9d0b5c0902062",
      "sourceMap": "packages/iron_layout.js.map",
      "sourceMapUrl": "/packages/4e65c46acdaf0ce6a8b1a479d7b9d0b5c0902062.map",
      "size": 62058,
      "hash": "4e65c46acdaf0ce6a8b1a479d7b9d0b5c0902062"
    },
    {
      "path": "packages/iron_url.js",
      "where": "client",
      "type": "js",
      "cacheable": true,
      "url": "/packages/iron_url.js?6979e41649a22dcf609df30fc533e36037c7ae58",
      "sourceMap": "packages/iron_url.js.map",
      "sourceMapUrl": "/packages/6979e41649a22dcf609df30fc533e36037c7ae58.map",
      "size": 69302,
      "hash": "6979e41649a22dcf609df30fc533e36037c7ae58"
    },
    {
      "path": "packages/iron_middleware-stack.js",
      "where": "client",
      "type": "js",
      "cacheable": true,
      "url": "/packages/iron_middleware-stack.js?0e0f6983a838a6516556b08e62894f89720e2c44",
      "sourceMap": "packages/iron_middleware-stack.js.map",
      "sourceMapUrl": "/packages/0e0f6983a838a6516556b08e62894f89720e2c44.map",
      "size": 47239,
      "hash": "0e0f6983a838a6516556b08e62894f89720e2c44"
    },
    {
      "path": "packages/iron_location.js",
      "where": "client",
      "type": "js",
      "cacheable": true,
      "url": "/packages/iron_location.js?ca4f0f6672edbfb6cafab6e5c024208d9364eac9",
      "sourceMap": "packages/iron_location.js.map",
      "sourceMapUrl": "/packages/ca4f0f6672edbfb6cafab6e5c024208d9364eac9.map",
      "size": 52275,
      "hash": "ca4f0f6672edbfb6cafab6e5c024208d9364eac9"
    },
    {
      "path": "packages/reactive-dict.js",
      "where": "client",
      "type": "js",
      "cacheable": true,
      "url": "/packages/reactive-dict.js?1cb61826ceb23464171f17c2191c7e04a9b91508",
      "sourceMap": "packages/reactive-dict.js.map",
      "sourceMapUrl": "/packages/1cb61826ceb23464171f17c2191c7e04a9b91508.map",
      "size": 21702,
      "hash": "1cb61826ceb23464171f17c2191c7e04a9b91508"
    },
    {
      "path": "packages/iron_controller.js",
      "where": "client",
      "type": "js",
      "cacheable": true,
      "url": "/packages/iron_controller.js?b02790701804563eafedb2e68c602154983ade06",
      "sourceMap": "packages/iron_controller.js.map",
      "sourceMapUrl": "/packages/b02790701804563eafedb2e68c602154983ade06.map",
      "size": 41091,
      "hash": "b02790701804563eafedb2e68c602154983ade06"
    },
    {
      "path": "packages/iron_router.js",
      "where": "client",
      "type": "js",
      "cacheable": true,
      "url": "/packages/iron_router.js?a427868585af16bb88b7c9996b2449aebb8dbf51",
      "sourceMap": "packages/iron_router.js.map",
      "sourceMapUrl": "/packages/a427868585af16bb88b7c9996b2449aebb8dbf51.map",
      "size": 216733,
      "hash": "a427868585af16bb88b7c9996b2449aebb8dbf51"
    },
    {
      "path": "packages/localstorage.js",
      "where": "client",
      "type": "js",
      "cacheable": true,
      "url": "/packages/localstorage.js?9ec7d68858d2e33aa807e5cfd5e12bb4d62fe00c",
      "sourceMap": "packages/localstorage.js.map",
      "sourceMapUrl": "/packages/9ec7d68858d2e33aa807e5cfd5e12bb4d62fe00c.map",
      "size": 7092,
      "hash": "9ec7d68858d2e33aa807e5cfd5e12bb4d62fe00c"
    },
    {
      "path": "packages/callback-hook.js",
      "where": "client",
      "type": "js",
      "cacheable": true,
      "url": "/packages/callback-hook.js?2dd5338ef4585da6eadefd19681e01ae0a1cd8d7",
      "sourceMap": "packages/callback-hook.js.map",
      "sourceMapUrl": "/packages/2dd5338ef4585da6eadefd19681e01ae0a1cd8d7.map",
      "size": 11284,
      "hash": "2dd5338ef4585da6eadefd19681e01ae0a1cd8d7"
    },
    {
      "path": "packages/accounts-base.js",
      "where": "client",
      "type": "js",
      "cacheable": true,
      "url": "/packages/accounts-base.js?7c29db5c21a76726509bb6bb2a68a2b4b1ecf657",
      "sourceMap": "packages/accounts-base.js.map",
      "sourceMapUrl": "/packages/7c29db5c21a76726509bb6bb2a68a2b4b1ecf657.map",
      "size": 113880,
      "hash": "7c29db5c21a76726509bb6bb2a68a2b4b1ecf657"
    },
    {
      "path": "packages/npm-bcrypt.js",
      "where": "client",
      "type": "js",
      "cacheable": true,
      "url": "/packages/npm-bcrypt.js?4b480ddc27b097ce17a5976c52fda305f2ec634d",
      "sourceMap": "packages/npm-bcrypt.js.map",
      "sourceMapUrl": "/packages/4b480ddc27b097ce17a5976c52fda305f2ec634d.map",
      "size": 1295,
      "hash": "4b480ddc27b097ce17a5976c52fda305f2ec634d"
    },
    {
      "path": "packages/sha.js",
      "where": "client",
      "type": "js",
      "cacheable": true,
      "url": "/packages/sha.js?65ef52f7221944768bfc2049d6b7e163c8ae2615",
      "sourceMap": "packages/sha.js.map",
      "sourceMapUrl": "/packages/65ef52f7221944768bfc2049d6b7e163c8ae2615.map",
      "size": 19584,
      "hash": "65ef52f7221944768bfc2049d6b7e163c8ae2615"
    },
    {
      "path": "packages/srp.js",
      "where": "client",
      "type": "js",
      "cacheable": true,
      "url": "/packages/srp.js?e2e28156e8c912d504a3586351c8a1119f664cfd",
      "sourceMap": "packages/srp.js.map",
      "sourceMapUrl": "/packages/e2e28156e8c912d504a3586351c8a1119f664cfd.map",
      "size": 173470,
      "hash": "e2e28156e8c912d504a3586351c8a1119f664cfd"
    },
    {
      "path": "packages/accounts-password.js",
      "where": "client",
      "type": "js",
      "cacheable": true,
      "url": "/packages/accounts-password.js?3845cc71ad2dc1378b7d8cc4164a78359506dd40",
      "sourceMap": "packages/accounts-password.js.map",
      "sourceMapUrl": "/packages/3845cc71ad2dc1378b7d8cc4164a78359506dd40.map",
      "size": 33170,
      "hash": "3845cc71ad2dc1378b7d8cc4164a78359506dd40"
    },
    {
      "path": "packages/alanning_roles.js",
      "where": "client",
      "type": "js",
      "cacheable": true,
      "url": "/packages/alanning_roles.js?79ec06e46df4edfbc286f83d1ad8064d46d44990",
      "sourceMap": "packages/alanning_roles.js.map",
      "sourceMapUrl": "/packages/79ec06e46df4edfbc286f83d1ad8064d46d44990.map",
      "size": 94498,
      "hash": "79ec06e46df4edfbc286f83d1ad8064d46d44990"
    },
    {
      "path": "packages/email.js",
      "where": "client",
      "type": "js",
      "cacheable": true,
      "url": "/packages/email.js?911578310472ff10dca16a5306b7f455801d0f35",
      "sourceMap": "packages/email.js.map",
      "sourceMapUrl": "/packages/911578310472ff10dca16a5306b7f455801d0f35.map",
      "size": 1287,
      "hash": "911578310472ff10dca16a5306b7f455801d0f35"
    },
    {
      "path": "packages/bootstrap.js",
      "where": "client",
      "type": "js",
      "cacheable": true,
      "url": "/packages/bootstrap.js?ec8a7746b798984dd1df9eb6ae62114dcf98f504",
      "sourceMap": "packages/bootstrap.js.map",
      "sourceMapUrl": "/packages/ec8a7746b798984dd1df9eb6ae62114dcf98f504.map",
      "size": 282505,
      "hash": "ec8a7746b798984dd1df9eb6ae62114dcf98f504"
    },
    {
      "path": "packages/webapp.js",
      "where": "client",
      "type": "js",
      "cacheable": true,
      "url": "/packages/webapp.js?e1be090051b82f046484dccc2de7d747e50c7328",
      "sourceMap": "packages/webapp.js.map",
      "sourceMapUrl": "/packages/e1be090051b82f046484dccc2de7d747e50c7328.map",
      "size": 3106,
      "hash": "e1be090051b82f046484dccc2de7d747e50c7328"
    },
    {
      "path": "packages/session.js",
      "where": "client",
      "type": "js",
      "cacheable": true,
      "url": "/packages/session.js?daf192a7244079d45db32a6fc26ebc3881fc1aa3",
      "sourceMap": "packages/session.js.map",
      "sourceMapUrl": "/packages/daf192a7244079d45db32a6fc26ebc3881fc1aa3.map",
      "size": 6491,
      "hash": "daf192a7244079d45db32a6fc26ebc3881fc1aa3"
    },
    {
      "path": "packages/livedata.js",
      "where": "client",
      "type": "js",
      "cacheable": true,
      "url": "/packages/livedata.js?718526445deb4d9baacb6d92c551adea1d36c1e1",
      "sourceMap": "packages/livedata.js.map",
      "sourceMapUrl": "/packages/718526445deb4d9baacb6d92c551adea1d36c1e1.map",
      "size": 1413,
      "hash": "718526445deb4d9baacb6d92c551adea1d36c1e1"
    },
    {
      "path": "packages/spacebars.js",
      "where": "client",
      "type": "js",
      "cacheable": true,
      "url": "/packages/spacebars.js?7bafbe05ec09b6bbb6a3b276537e4995ab298a2f",
      "sourceMap": "packages/spacebars.js.map",
      "sourceMapUrl": "/packages/7bafbe05ec09b6bbb6a3b276537e4995ab298a2f.map",
      "size": 42236,
      "hash": "7bafbe05ec09b6bbb6a3b276537e4995ab298a2f"
    },
    {
      "path": "packages/fastclick.js",
      "where": "client",
      "type": "js",
      "cacheable": true,
      "url": "/packages/fastclick.js?fe15770c77da049b885a0d66c669fa44057f05ee",
      "sourceMap": "packages/fastclick.js.map",
      "sourceMapUrl": "/packages/fe15770c77da049b885a0d66c669fa44057f05ee.map",
      "size": 109373,
      "hash": "fe15770c77da049b885a0d66c669fa44057f05ee"
    },
    {
      "path": "packages/mobile-status-bar.js",
      "where": "client",
      "type": "js",
      "cacheable": true,
      "url": "/packages/mobile-status-bar.js?f2ba1fc67740003d54a6c78c4c73575d69dcfffe",
      "sourceMap": "packages/mobile-status-bar.js.map",
      "sourceMapUrl": "/packages/f2ba1fc67740003d54a6c78c4c73575d69dcfffe.map",
      "size": 2430,
      "hash": "f2ba1fc67740003d54a6c78c4c73575d69dcfffe"
    },
    {
      "path": "packages/launch-screen.js",
      "where": "client",
      "type": "js",
      "cacheable": true,
      "url": "/packages/launch-screen.js?495e58cf2465ba553324c68301cc62076b1fda1e",
      "sourceMap": "packages/launch-screen.js.map",
      "sourceMapUrl": "/packages/495e58cf2465ba553324c68301cc62076b1fda1e.map",
      "size": 8667,
      "hash": "495e58cf2465ba553324c68301cc62076b1fda1e"
    },
    {
      "path": "packages/global-imports.js",
      "where": "client",
      "type": "js",
      "cacheable": true,
      "url": "/packages/global-imports.js?90cd492d847cd6b1f4a9bce33793b77b74bd012e",
      "size": 978,
      "hash": "90cd492d847cd6b1f4a9bce33793b77b74bd012e"
    },
    {
      "path": "app/client/student/items/bagels/template.bagels.js",
      "where": "client",
      "type": "js",
      "cacheable": true,
      "url": "/client/student/items/bagels/template.bagels.js?135cb145ff7fd21ea4330a3b3e49be3863e50ade",
      "size": 3352,
      "hash": "135cb145ff7fd21ea4330a3b3e49be3863e50ade"
    },
    {
      "path": "app/client/student/items/beverages/template.beverages.js",
      "where": "client",
      "type": "js",
      "cacheable": true,
      "url": "/client/student/items/beverages/template.beverages.js?e8d6320354a6df7212e4b1a0bcc31a180e1286d8",
      "size": 3312,
      "hash": "e8d6320354a6df7212e4b1a0bcc31a180e1286d8"
    },
    {
      "path": "app/client/student/items/snacks/template.snacks.js",
      "where": "client",
      "type": "js",
      "cacheable": true,
      "url": "/client/student/items/snacks/template.snacks.js?46e5d82fe3ec8449ea4957e7a348f9c91d97d57f",
      "size": 3327,
      "hash": "46e5d82fe3ec8449ea4957e7a348f9c91d97d57f"
    },
    {
      "path": "app/client/employee/backScreen/template.employee.js",
      "where": "client",
      "type": "js",
      "cacheable": true,
      "url": "/client/employee/backScreen/template.employee.js?d8d8986da4140a27a121031ac48c77cc56170dad",
      "size": 4979,
      "hash": "d8d8986da4140a27a121031ac48c77cc56170dad"
    },
    {
      "path": "app/client/employee/backScreen/template.orderList.js",
      "where": "client",
      "type": "js",
      "cacheable": true,
      "url": "/client/employee/backScreen/template.orderList.js?4c7df4c5af8ca138df6cea768dea9e7c760989e3",
      "size": 2099,
      "hash": "4c7df4c5af8ca138df6cea768dea9e7c760989e3"
    },
    {
      "path": "app/client/employee/frontScreen/template.backScreen.js",
      "where": "client",
      "type": "js",
      "cacheable": true,
      "url": "/client/employee/frontScreen/template.backScreen.js?b31c7923fee0613e5b05b1ddcd23ea5b993f2cc7",
      "size": 2939,
      "hash": "b31c7923fee0613e5b05b1ddcd23ea5b993f2cc7"
    },
    {
      "path": "app/client/employee/frontScreen/template.pseudoCheck.js",
      "where": "client",
      "type": "js",
      "cacheable": true,
      "url": "/client/employee/frontScreen/template.pseudoCheck.js?9a2d3993d4c60f73c9400a416c41724e43a61a8d",
      "size": 2999,
      "hash": "9a2d3993d4c60f73c9400a416c41724e43a61a8d"
    },
    {
      "path": "app/client/employee/frontScreen/template.pseudoMenu.js",
      "where": "client",
      "type": "js",
      "cacheable": true,
      "url": "/client/employee/frontScreen/template.pseudoMenu.js?9daa7604b11fd8eb5f9ea1aca70d02cf63a31e2b",
      "size": 7030,
      "hash": "9daa7604b11fd8eb5f9ea1aca70d02cf63a31e2b"
    },
    {
      "path": "app/client/employee/managers/template.manager.js",
      "where": "client",
      "type": "js",
      "cacheable": true,
      "url": "/client/employee/managers/template.manager.js?c82efdce0c8fa43a4d44df3fbfcb61f7f21775ce",
      "size": 527,
      "hash": "c82efdce0c8fa43a4d44df3fbfcb61f7f21775ce"
    },
    {
      "path": "app/client/student/about/template.about.js",
      "where": "client",
      "type": "js",
      "cacheable": true,
      "url": "/client/student/about/template.about.js?31d5b4b502d3b0c8561ddbecef8d6ed704868bae",
      "size": 1066,
      "hash": "31d5b4b502d3b0c8561ddbecef8d6ed704868bae"
    },
    {
      "path": "app/client/student/checkout/template.checkout.js",
      "where": "client",
      "type": "js",
      "cacheable": true,
      "url": "/client/student/checkout/template.checkout.js?c3c2603e6396ea7410792f2a3400f6d055af748d",
      "size": 5096,
      "hash": "c3c2603e6396ea7410792f2a3400f6d055af748d"
    },
    {
      "path": "app/client/student/checkoutThanks/template.thankYouCheckout.js",
      "where": "client",
      "type": "js",
      "cacheable": true,
      "url": "/client/student/checkoutThanks/template.thankYouCheckout.js?08048f764ecdfe6b1e765878a09f8d6d27f40475",
      "size": 494,
      "hash": "08048f764ecdfe6b1e765878a09f8d6d27f40475"
    },
    {
      "path": "app/client/student/denied/template.denied.js",
      "where": "client",
      "type": "js",
      "cacheable": true,
      "url": "/client/student/denied/template.denied.js?3d873a8aa7319508acfafd258b1aabfb8bc8a0ea",
      "size": 330,
      "hash": "3d873a8aa7319508acfafd258b1aabfb8bc8a0ea"
    },
    {
      "path": "app/client/student/denied/template.deniedEmp.js",
      "where": "client",
      "type": "js",
      "cacheable": true,
      "url": "/client/student/denied/template.deniedEmp.js?4b28d2f2321358c7a4bcee43e60b600ae1653575",
      "size": 339,
      "hash": "4b28d2f2321358c7a4bcee43e60b600ae1653575"
    },
    {
      "path": "app/client/student/forgot/template.forgot.js",
      "where": "client",
      "type": "js",
      "cacheable": true,
      "url": "/client/student/forgot/template.forgot.js?2f4aabb1813833f1e732932076ad08a26691c2a0",
      "size": 574,
      "hash": "2f4aabb1813833f1e732932076ad08a26691c2a0"
    },
    {
      "path": "app/client/student/login/template.login.js",
      "where": "client",
      "type": "js",
      "cacheable": true,
      "url": "/client/student/login/template.login.js?a68edd89a6d5666cabb9bda2ffdb5cc31291ba92",
      "size": 1287,
      "hash": "a68edd89a6d5666cabb9bda2ffdb5cc31291ba92"
    },
    {
      "path": "app/client/student/login/template.loginLoading.js",
      "where": "client",
      "type": "js",
      "cacheable": true,
      "url": "/client/student/login/template.loginLoading.js?07e5fcf1e62b2e4a981a994d79b7c82953cec906",
      "size": 1277,
      "hash": "07e5fcf1e62b2e4a981a994d79b7c82953cec906"
    },
    {
      "path": "app/client/student/menu/template.menu.js",
      "where": "client",
      "type": "js",
      "cacheable": true,
      "url": "/client/student/menu/template.menu.js?31ccb0e8726b5edbc0eee3591d74e789b26dc3bb",
      "size": 2528,
      "hash": "31ccb0e8726b5edbc0eee3591d74e789b26dc3bb"
    },
    {
      "path": "app/client/student/menu/template.menuLoading.js",
      "where": "client",
      "type": "js",
      "cacheable": true,
      "url": "/client/student/menu/template.menuLoading.js?04fee6925a333bf3f04f876deaafd396134da689",
      "size": 1630,
      "hash": "04fee6925a333bf3f04f876deaafd396134da689"
    },
    {
      "path": "app/client/student/settings/template.settings.js",
      "where": "client",
      "type": "js",
      "cacheable": true,
      "url": "/client/student/settings/template.settings.js?a9c3ebbfaa9ca18e5519ffeb08ebe1f2ec1a33c0",
      "size": 2247,
      "hash": "a9c3ebbfaa9ca18e5519ffeb08ebe1f2ec1a33c0"
    },
    {
      "path": "app/client/student/shakes/template.shakes.js",
      "where": "client",
      "type": "js",
      "cacheable": true,
      "url": "/client/student/shakes/template.shakes.js?122c2a3ef2a756541933212d52935802b58b693b",
      "size": 4901,
      "hash": "122c2a3ef2a756541933212d52935802b58b693b"
    },
    {
      "path": "app/client/student/signup/template.signup.js",
      "where": "client",
      "type": "js",
      "cacheable": true,
      "url": "/client/student/signup/template.signup.js?15e304f118e107aba251a0daa941dd74e89ff138",
      "size": 2278,
      "hash": "15e304f118e107aba251a0daa941dd74e89ff138"
    },
    {
      "path": "app/client/student/signupThanks/template.thanks.js",
      "where": "client",
      "type": "js",
      "cacheable": true,
      "url": "/client/student/signupThanks/template.thanks.js?68cbd22c69d59a0f48f02da5146fc711215265a5",
      "size": 725,
      "hash": "68cbd22c69d59a0f48f02da5146fc711215265a5"
    },
    {
      "path": "app/lib/collection.js",
      "where": "client",
      "type": "js",
      "cacheable": true,
      "url": "/lib/collection.js?e3c2e9a7829e6d3451b1791fcaaab0348bc9ec5d",
      "size": 465,
      "hash": "e3c2e9a7829e6d3451b1791fcaaab0348bc9ec5d"
    },
    {
      "path": "app/lib/routing.js",
      "where": "client",
      "type": "js",
      "cacheable": true,
      "url": "/lib/routing.js?7e6111ca6f88ffce40da236b8aafe09ef2686184",
      "size": 1695,
      "hash": "7e6111ca6f88ffce40da236b8aafe09ef2686184"
    },
    {
      "path": "app/client/student/items/bagels/bagels.js",
      "where": "client",
      "type": "js",
      "cacheable": true,
      "url": "/client/student/items/bagels/bagels.js?1977278c86ab2d25f8bb20942fdb2e5c99366712",
      "size": 1864,
      "hash": "1977278c86ab2d25f8bb20942fdb2e5c99366712"
    },
    {
      "path": "app/client/student/items/beverages/beverages.js",
      "where": "client",
      "type": "js",
      "cacheable": true,
      "url": "/client/student/items/beverages/beverages.js?4d8ec9dede20f5f9a3004d94fe0b6aa284d4e793",
      "size": 1720,
      "hash": "4d8ec9dede20f5f9a3004d94fe0b6aa284d4e793"
    },
    {
      "path": "app/client/student/items/snacks/snacks.js",
      "where": "client",
      "type": "js",
      "cacheable": true,
      "url": "/client/student/items/snacks/snacks.js?e8ccd171745c290235de3ac699f775bbb2b39d11",
      "size": 1800,
      "hash": "e8ccd171745c290235de3ac699f775bbb2b39d11"
    },
    {
      "path": "app/client/employee/backScreen/employee.js",
      "where": "client",
      "type": "js",
      "cacheable": true,
      "url": "/client/employee/backScreen/employee.js?b6fe561a10cd22a66f349ebd99b70ce91a9331f1",
      "size": 1892,
      "hash": "b6fe561a10cd22a66f349ebd99b70ce91a9331f1"
    },
    {
      "path": "app/client/employee/backScreen/orderList.js",
      "where": "client",
      "type": "js",
      "cacheable": true,
      "url": "/client/employee/backScreen/orderList.js?8e02cc74e57a6848658806cbf6109ad618ceef37",
      "size": 1879,
      "hash": "8e02cc74e57a6848658806cbf6109ad618ceef37"
    },
    {
      "path": "app/client/employee/frontScreen/backScreen.js",
      "where": "client",
      "type": "js",
      "cacheable": true,
      "url": "/client/employee/frontScreen/backScreen.js?c86cfa73dcf69e2a1878de4d9037308e520cffd8",
      "size": 1601,
      "hash": "c86cfa73dcf69e2a1878de4d9037308e520cffd8"
    },
    {
      "path": "app/client/employee/frontScreen/pseudoCheck.js",
      "where": "client",
      "type": "js",
      "cacheable": true,
      "url": "/client/employee/frontScreen/pseudoCheck.js?1fc668693414b297325c85061379991f20f2c1ce",
      "size": 1948,
      "hash": "1fc668693414b297325c85061379991f20f2c1ce"
    },
    {
      "path": "app/client/employee/frontScreen/pseudoMenu.js",
      "where": "client",
      "type": "js",
      "cacheable": true,
      "url": "/client/employee/frontScreen/pseudoMenu.js?214fda9c184271200e603e26d7e3ef3b250c9e3c",
      "size": 3538,
      "hash": "214fda9c184271200e603e26d7e3ef3b250c9e3c"
    },
    {
      "path": "app/client/employee/managers/manager.js",
      "where": "client",
      "type": "js",
      "cacheable": true,
      "url": "/client/employee/managers/manager.js?2a3453bba5b8f7e5a39caf4f0fb6016f1b588104",
      "size": 19,
      "hash": "2a3453bba5b8f7e5a39caf4f0fb6016f1b588104"
    },
    {
      "path": "app/client/student/about/about.js",
      "where": "client",
      "type": "js",
      "cacheable": true,
      "url": "/client/student/about/about.js?229d6fed1b7d9a915d23f0da2f9cbe2ac5fff102",
      "size": 123,
      "hash": "229d6fed1b7d9a915d23f0da2f9cbe2ac5fff102"
    },
    {
      "path": "app/client/student/checkout/checkout.js",
      "where": "client",
      "type": "js",
      "cacheable": true,
      "url": "/client/student/checkout/checkout.js?75d128113832d15f27d54e15118d98ed79ea4c24",
      "size": 2814,
      "hash": "75d128113832d15f27d54e15118d98ed79ea4c24"
    },
    {
      "path": "app/client/student/checkoutThanks/thankYouCheckout.js",
      "where": "client",
      "type": "js",
      "cacheable": true,
      "url": "/client/student/checkoutThanks/thankYouCheckout.js?5b4175190f29be2368cda7366a96ad870acc3eb3",
      "size": 293,
      "hash": "5b4175190f29be2368cda7366a96ad870acc3eb3"
    },
    {
      "path": "app/client/student/denied/denied.js",
      "where": "client",
      "type": "js",
      "cacheable": true,
      "url": "/client/student/denied/denied.js?9599827ad036385addde9a7d58505c3652cc4281",
      "size": 111,
      "hash": "9599827ad036385addde9a7d58505c3652cc4281"
    },
    {
      "path": "app/client/student/denied/deniedEmp.js",
      "where": "client",
      "type": "js",
      "cacheable": true,
      "url": "/client/student/denied/deniedEmp.js?864810caab02eb74928b76ea8b13fc4f72f9bfb4",
      "size": 114,
      "hash": "864810caab02eb74928b76ea8b13fc4f72f9bfb4"
    },
    {
      "path": "app/client/student/forgot/forget.js",
      "where": "client",
      "type": "js",
      "cacheable": true,
      "url": "/client/student/forgot/forget.js?6b5f18b2cda3e45fe56045bc521a2f51d4acfde4",
      "size": 811,
      "hash": "6b5f18b2cda3e45fe56045bc521a2f51d4acfde4"
    },
    {
      "path": "app/client/student/login/login.js",
      "where": "client",
      "type": "js",
      "cacheable": true,
      "url": "/client/student/login/login.js?928c23603478ccb0dddb4ddd36e419cdf1044d2c",
      "size": 1679,
      "hash": "928c23603478ccb0dddb4ddd36e419cdf1044d2c"
    },
    {
      "path": "app/client/student/menu/menu.js",
      "where": "client",
      "type": "js",
      "cacheable": true,
      "url": "/client/student/menu/menu.js?6f5facb519c55ed6b33108bcf95239e82c2c0cf7",
      "size": 1463,
      "hash": "6f5facb519c55ed6b33108bcf95239e82c2c0cf7"
    },
    {
      "path": "app/client/student/settings/settings.js",
      "where": "client",
      "type": "js",
      "cacheable": true,
      "url": "/client/student/settings/settings.js?d2c9464b035d0d3b1a4e007354d64fbacbe18fdd",
      "size": 2799,
      "hash": "d2c9464b035d0d3b1a4e007354d64fbacbe18fdd"
    },
    {
      "path": "app/client/student/shakes/shakes.js",
      "where": "client",
      "type": "js",
      "cacheable": true,
      "url": "/client/student/shakes/shakes.js?362ac133655735dc635a4947689c134dedd43c27",
      "size": 2607,
      "hash": "362ac133655735dc635a4947689c134dedd43c27"
    },
    {
      "path": "app/client/student/signup/signup.js",
      "where": "client",
      "type": "js",
      "cacheable": true,
      "url": "/client/student/signup/signup.js?08440981851449172e28e17630f3127ebdf35e9c",
      "size": 4759,
      "hash": "08440981851449172e28e17630f3127ebdf35e9c"
    },
    {
      "path": "app/client/student/signupThanks/thanks.js",
      "where": "client",
      "type": "js",
      "cacheable": true,
      "url": "/client/student/signupThanks/thanks.js?58b285101916710ea4fe3911433a98552ecab737",
      "size": 131,
      "hash": "58b285101916710ea4fe3911433a98552ecab737"
    },
    {
      "path": "packages/service-configuration.js",
      "where": "client",
      "type": "js",
      "cacheable": true,
      "url": "/packages/service-configuration.js?262da6fb1e9c97be84333c429c9a2929c80f8e3b",
      "sourceMap": "packages/service-configuration.js.map",
      "sourceMapUrl": "/packages/262da6fb1e9c97be84333c429c9a2929c80f8e3b.map",
      "size": 5082,
      "hash": "262da6fb1e9c97be84333c429c9a2929c80f8e3b"
    },
    {
      "path": "3c16bfe2bf7527f31a78260d8e50981e0f9fbb03.css",
      "where": "client",
      "type": "css",
      "cacheable": true,
      "url": "/3c16bfe2bf7527f31a78260d8e50981e0f9fbb03.css",
      "sourceMap": "3c16bfe2bf7527f31a78260d8e50981e0f9fbb03.css.map",
      "sourceMapUrl": "/3c16bfe2bf7527f31a78260d8e50981e0f9fbb03.map",
      "size": 177431,
      "hash": "3c16bfe2bf7527f31a78260d8e50981e0f9fbb03"
    },
    {
      "path": "packages/bootstrap/img/glyphicons-halflings.png",
      "where": "client",
      "type": "asset",
      "cacheable": false,
      "url": "/packages/bootstrap/img/glyphicons-halflings.png",
      "size": 12799,
      "hash": "84f613631b07d4fe22acbab50e551c0fe04bd78b"
    },
    {
      "path": "packages/bootstrap/img/glyphicons-halflings-white.png",
      "where": "client",
      "type": "asset",
      "cacheable": false,
      "url": "/packages/bootstrap/img/glyphicons-halflings-white.png",
      "size": 8777,
      "hash": "a25c4705320fd63c33790e666872910e702b9bf6"
    },
    {
      "path": "app/fonts/BebasNeue.ttf",
      "where": "client",
      "type": "asset",
      "cacheable": false,
      "url": "/fonts/BebasNeue.ttf",
      "size": 53128,
      "hash": "c84a97a8afbafc2c0ba00343cba3afe8d1bc96a9"
    },
    {
      "path": "app/fonts/OpenSans-Light.ttf",
      "where": "client",
      "type": "asset",
      "cacheable": false,
      "url": "/fonts/OpenSans-Light.ttf",
      "size": 222412,
      "hash": "40442c189568184b6e6c27a25d69f14d91b65039"
    },
    {
      "path": "app/fonts/circula-medium.otf",
      "where": "client",
      "type": "asset",
      "cacheable": false,
      "url": "/fonts/circula-medium.otf",
      "size": 47496,
      "hash": "52fdd6ed46c3cdf22bf3453b292d6d59719d5549"
    },
    {
      "path": "app/fonts/olivier_demo.ttf",
      "where": "client",
      "type": "asset",
      "cacheable": false,
      "url": "/fonts/olivier_demo.ttf",
      "size": 60332,
      "hash": "653e88ed454cff30fe6d21179782ae9602ebc861"
    },
    {
      "path": "app/img/DELogo.png",
      "where": "client",
      "type": "asset",
      "cacheable": false,
      "url": "/img/DELogo.png",
      "size": 30224,
      "hash": "cbc002a51273e5f10edf4130418e6de153b5599d"
    },
    {
      "path": "app/img/DELogoWhite.png",
      "where": "client",
      "type": "asset",
      "cacheable": false,
      "url": "/img/DELogoWhite.png",
      "size": 24701,
      "hash": "33d0808ae445482994584247559c00cc0d946236"
    },
    {
      "path": "app/img/MainBackgroundLG.jpg",
      "where": "client",
      "type": "asset",
      "cacheable": false,
      "url": "/img/MainBackgroundLG.jpg",
      "size": 509343,
      "hash": "257c888e248a90d82bbaed7b92a1148aa7d7a474"
    },
    {
      "path": "app/img/ThankYou1.png",
      "where": "client",
      "type": "asset",
      "cacheable": false,
      "url": "/img/ThankYou1.png",
      "size": 12962,
      "hash": "de17de487e35ddd0c7abd2b36fc9833ed5d0fff6"
    },
    {
      "path": "app/img/ThankYouPage.png",
      "where": "client",
      "type": "asset",
      "cacheable": false,
      "url": "/img/ThankYouPage.png",
      "size": 855839,
      "hash": "e333ca592e8c5ce5b3215504cee672baf54fb174"
    },
    {
      "path": "app/img/about.jpg",
      "where": "client",
      "type": "asset",
      "cacheable": false,
      "url": "/img/about.jpg",
      "size": 1585633,
      "hash": "12783a2eacdf1e59f650213374cef6a6bf53a6ea"
    },
    {
      "path": "app/img/accessdenied.png",
      "where": "client",
      "type": "asset",
      "cacheable": false,
      "url": "/img/accessdenied.png",
      "size": 357425,
      "hash": "82b3ff3229883dec5b4a593a7e3faa12e165fca2"
    },
    {
      "path": "app/img/cartupdate-3.png",
      "where": "client",
      "type": "asset",
      "cacheable": false,
      "url": "/img/cartupdate-3.png",
      "size": 12604,
      "hash": "0ce2d4af5615a2a10979db3cd12fc96f98104cb8"
    },
    {
      "path": "app/img/checkBottom.png",
      "where": "client",
      "type": "asset",
      "cacheable": false,
      "url": "/img/checkBottom.png",
      "size": 56644,
      "hash": "6c982cb188cf5a4035456681a830a84437358795"
    },
    {
      "path": "app/img/checkLeft.png",
      "where": "client",
      "type": "asset",
      "cacheable": false,
      "url": "/img/checkLeft.png",
      "size": 4851,
      "hash": "f07f135d3db40458e8c247b39823c2a68e0b550a"
    },
    {
      "path": "app/img/checkMiddle.png",
      "where": "client",
      "type": "asset",
      "cacheable": false,
      "url": "/img/checkMiddle.png",
      "size": 21708,
      "hash": "2abc594c19d0422b260b34b3677fe3aa9f9fc65a"
    },
    {
      "path": "app/img/checkMiddle2.png",
      "where": "client",
      "type": "asset",
      "cacheable": false,
      "url": "/img/checkMiddle2.png",
      "size": 5498,
      "hash": "da366ce71b034b028bd2bcc77248c261ff2bd3fe"
    },
    {
      "path": "app/img/checkRight.png",
      "where": "client",
      "type": "asset",
      "cacheable": false,
      "url": "/img/checkRight.png",
      "size": 5465,
      "hash": "8c53055f872c01ff9fa0a8140a9fd6fe9c239d33"
    },
    {
      "path": "app/img/checkTop.png",
      "where": "client",
      "type": "asset",
      "cacheable": false,
      "url": "/img/checkTop.png",
      "size": 49534,
      "hash": "f90aea96f5d15274c20e51c933077973428483db"
    },
    {
      "path": "app/img/deniedEmp.png",
      "where": "client",
      "type": "asset",
      "cacheable": false,
      "url": "/img/deniedEmp.png",
      "size": 390282,
      "hash": "1c4bf18c7b13f72749887b903890d0eea3f1777b"
    },
    {
      "path": "app/img/loading.gif",
      "where": "client",
      "type": "asset",
      "cacheable": false,
      "url": "/img/loading.gif",
      "size": 32887,
      "hash": "d4fa5854c151fe74a756f6eb109aaf1cf289f00c"
    },
    {
      "path": "app/img/middle-finger.cur",
      "where": "client",
      "type": "asset",
      "cacheable": false,
      "url": "/img/middle-finger.cur",
      "size": 4286,
      "hash": "763d9b3ee303beb9ee9bed5b38ebad534f08c3a1"
    },
    {
      "path": "app/img/red.jpg",
      "where": "client",
      "type": "asset",
      "cacheable": false,
      "url": "/img/red.jpg",
      "size": 29906,
      "hash": "6bbfe191c17dd0f86310f0fe7728efefaee30ce0"
    },
    {
      "path": "app/img/verified.jpg",
      "where": "client",
      "type": "asset",
      "cacheable": false,
      "url": "/img/verified.jpg",
      "size": 30946,
      "hash": "b3c49696ac48655e343999dee2fa7862d53db78e"
    },
    {
      "path": "app/img/lg/Grocery-CartLG.png",
      "where": "client",
      "type": "asset",
      "cacheable": false,
      "url": "/img/lg/Grocery-CartLG.png",
      "size": 1160,
      "hash": "be57a818880f269c20f453028825216c8cadf62b"
    },
    {
      "path": "app/img/lg/infoLG.png",
      "where": "client",
      "type": "asset",
      "cacheable": false,
      "url": "/img/lg/infoLG.png",
      "size": 2020,
      "hash": "b3de200a7c7815f5de1d60504b58bfe5f82b9c4e"
    },
    {
      "path": "app/img/lg/lightsLG.jpg",
      "where": "client",
      "type": "asset",
      "cacheable": false,
      "url": "/img/lg/lightsLG.jpg",
      "size": 59981,
      "hash": "5e8be19cb1de0b916be9cec139d7aab893fd130d"
    },
    {
      "path": "app/img/lg/loginLG.jpg",
      "where": "client",
      "type": "asset",
      "cacheable": false,
      "url": "/img/lg/loginLG.jpg",
      "size": 724641,
      "hash": "0f10558e97546018b9de6eb8f57fbf9d9fc04cfe"
    },
    {
      "path": "app/img/lg/logoLG.png",
      "where": "client",
      "type": "asset",
      "cacheable": false,
      "url": "/img/lg/logoLG.png",
      "size": 61198,
      "hash": "8b02fa00f3fed598f4a7026251cbad3827641fa7"
    },
    {
      "path": "app/img/lg/menuLG2.jpg",
      "where": "client",
      "type": "asset",
      "cacheable": false,
      "url": "/img/lg/menuLG2.jpg",
      "size": 344764,
      "hash": "1cfcda4a1759e68142513208e05aaff31d57edb9"
    },
    {
      "path": "app/img/lg/roundlogoLG.png",
      "where": "client",
      "type": "asset",
      "cacheable": false,
      "url": "/img/lg/roundlogoLG.png",
      "size": 13980,
      "hash": "2bf3586535fc6eb73a2bea687b59be10d30be81a"
    },
    {
      "path": "app/img/lg/settingsLG.png",
      "where": "client",
      "type": "asset",
      "cacheable": false,
      "url": "/img/lg/settingsLG.png",
      "size": 2753,
      "hash": "a433a6c576911d276a0954c3f6348f0288feead4"
    },
    {
      "path": "app/img/lg/signupbackgroundLG.png",
      "where": "client",
      "type": "asset",
      "cacheable": false,
      "url": "/img/lg/signupbackgroundLG.png",
      "size": 19814,
      "hash": "91a9c36687d6d8238f0eac321daa4d4839c7e6c5"
    },
    {
      "path": "app/img/md/Grocery-CartMD.png",
      "where": "client",
      "type": "asset",
      "cacheable": false,
      "url": "/img/md/Grocery-CartMD.png",
      "size": 1160,
      "hash": "be57a818880f269c20f453028825216c8cadf62b"
    },
    {
      "path": "app/img/md/idkMD.jpg",
      "where": "client",
      "type": "asset",
      "cacheable": false,
      "url": "/img/md/idkMD.jpg",
      "size": 98812,
      "hash": "4fcce830f7e72dd2e2d24771bdc63ac24294fa81"
    },
    {
      "path": "app/img/md/infoMD.png",
      "where": "client",
      "type": "asset",
      "cacheable": false,
      "url": "/img/md/infoMD.png",
      "size": 2020,
      "hash": "b3de200a7c7815f5de1d60504b58bfe5f82b9c4e"
    },
    {
      "path": "app/img/md/loginMD.jpg",
      "where": "client",
      "type": "asset",
      "cacheable": false,
      "url": "/img/md/loginMD.jpg",
      "size": 169599,
      "hash": "1b8f9adbe5c35d722740205e271301db2c6b081a"
    },
    {
      "path": "app/img/md/logoMD.png",
      "where": "client",
      "type": "asset",
      "cacheable": false,
      "url": "/img/md/logoMD.png",
      "size": 43029,
      "hash": "374ef1f7c97709c25a6833bdb93038179d43c978"
    },
    {
      "path": "app/img/md/menuMD.jpg",
      "where": "client",
      "type": "asset",
      "cacheable": false,
      "url": "/img/md/menuMD.jpg",
      "size": 118166,
      "hash": "3bc405aa2c34ab3bd435dd5fc8d7cc83136e68a3"
    },
    {
      "path": "app/img/md/settingsMD.png",
      "where": "client",
      "type": "asset",
      "cacheable": false,
      "url": "/img/md/settingsMD.png",
      "size": 2753,
      "hash": "a433a6c576911d276a0954c3f6348f0288feead4"
    },
    {
      "path": "app/img/sm/Grocery-CartSM.png",
      "where": "client",
      "type": "asset",
      "cacheable": false,
      "url": "/img/sm/Grocery-CartSM.png",
      "size": 1160,
      "hash": "be57a818880f269c20f453028825216c8cadf62b"
    },
    {
      "path": "app/img/sm/idkSM.jpg",
      "where": "client",
      "type": "asset",
      "cacheable": false,
      "url": "/img/sm/idkSM.jpg",
      "size": 85346,
      "hash": "12cd5b190f58bd7ada1c4bc1f2fe6a9894c63d4d"
    },
    {
      "path": "app/img/sm/infoSM.png",
      "where": "client",
      "type": "asset",
      "cacheable": false,
      "url": "/img/sm/infoSM.png",
      "size": 2020,
      "hash": "b3de200a7c7815f5de1d60504b58bfe5f82b9c4e"
    },
    {
      "path": "app/img/sm/loginSM.jpg",
      "where": "client",
      "type": "asset",
      "cacheable": false,
      "url": "/img/sm/loginSM.jpg",
      "size": 149063,
      "hash": "b6874ef3531607fda307cdbacd25ab667bf47e18"
    },
    {
      "path": "app/img/sm/logoSM.png",
      "where": "client",
      "type": "asset",
      "cacheable": false,
      "url": "/img/sm/logoSM.png",
      "size": 35537,
      "hash": "d277f160bdef90697b4d3430581afd709aaf2039"
    },
    {
      "path": "app/img/sm/menuSM.jpg",
      "where": "client",
      "type": "asset",
      "cacheable": false,
      "url": "/img/sm/menuSM.jpg",
      "size": 102611,
      "hash": "0ce48ab2a1d8f623e81aebcb924063f601a5ac4b"
    },
    {
      "path": "app/img/sm/settingsSM.png",
      "where": "client",
      "type": "asset",
      "cacheable": false,
      "url": "/img/sm/settingsSM.png",
      "size": 2753,
      "hash": "a433a6c576911d276a0954c3f6348f0288feead4"
    }
  ]
}